Date,True Values,Predicted Values
2018-01-02,6.746666,6.752023
2018-01-03,6.933333,6.79834
2018-01-04,7.013333,6.932973
2018-01-05,7.093333,7.0295234
2018-01-08,7.173333,7.101923
2018-01-09,7.106666,7.147789
2018-01-10,7.16,7.108778
2018-01-11,7.066666,7.0880594
2018-01-12,7.066666,7.0178576
2018-01-15,7.066666,7.055268
2018-01-16,7.066666,7.034687
2018-01-17,7.04,7.0287986
2018-01-18,7.093333,7.049072
2018-01-19,7.066666,7.0378895
2018-01-22,7.106666,7.0454016
2018-01-23,7.173333,7.1333995
2018-01-24,7.173333,7.123163
2018-01-25,7.133333,7.124466
2018-01-26,7.066666,7.0838156
2018-01-29,7.253333,7.1300626
2018-01-30,7.266666,7.2226305
2018-02-02,7.253333,7.239298
2018-02-05,7.253333,7.1238246
2018-02-06,7.173333,7.1379333
2018-02-07,7.253333,7.249712
2018-02-08,7.28,7.245864
2018-02-09,7.213333,7.1727533
2018-02-12,7.24,7.24666
2018-02-13,7.32,7.2642617
2018-02-14,7.306666,7.2775326
2018-02-15,7.333333,7.2740326
2018-02-16,7.333333,7.127741
2018-02-19,7.226666,7.2306747
2018-02-20,7.2,7.194457
2018-02-21,7.2,7.155425
2018-02-22,7.253333,7.1702337
2018-02-23,7.333333,7.240486
2018-02-26,7.44,7.362418
2018-02-27,7.533333,7.476595
2018-02-28,7.533333,7.4811025
2018-03-01,7.4,7.4471865
2018-03-02,7.466666,7.3659825
2018-03-05,7.24,7.322505
2018-03-06,7.4,7.247567
2018-03-07,7.426666,7.2792587
2018-03-08,7.426666,7.3740396
2018-03-09,7.413333,7.378413
2018-03-12,7.466666,7.419625
2018-03-13,7.533333,7.4515452
2018-03-14,7.586666,7.500106
2018-03-15,7.533333,7.5018964
2018-03-16,7.4,7.439362
2018-03-19,7.386666,7.3496265
2018-03-20,7.346666,7.29521
2018-03-21,7.346666,7.2992196
2018-03-22,7.32,7.285889
2018-03-23,7.306666,7.267281
2018-03-26,7.12,7.197987
2018-03-27,7.2,7.1576056
2018-03-28,7.24,7.199691
2018-03-29,7.306666,7.234335
2018-03-30,7.266666,7.23606
2018-04-02,7.28,7.2722654
2018-04-03,7.24,7.245433
2018-04-04,7.186666,7.181939
2018-04-05,7.12,7.129236
2018-04-06,7.066666,7.049503
2018-04-09,6.986666,7.0165815
2018-04-10,7.24,7.0556993
2018-04-11,7.29,7.2917414
2018-04-12,7.27,7.2359185
2018-04-13,7.27,7.2375817
2018-04-16,7.25,7.2079744
2018-04-17,7.45,7.3241525
2018-04-18,7.45,7.4226675
2018-04-19,7.58,7.439878
2018-04-20,7.5,7.4992495
2018-04-23,7.36,7.4203725
2018-04-24,7.24,7.27886
2018-04-25,7.21,7.183303
2018-04-26,7.26,7.202355
2018-04-27,7.26,7.2573276
2018-04-30,7.22,7.2132654
2018-05-02,7.2,7.174056
2018-05-03,7.21,7.178569
2018-05-04,7.16,7.1472807
2018-05-07,7.14,7.0928307
2018-05-08,7.28,7.1584396
2018-05-14,8.19,7.6317215
2018-05-15,8.07,8.059465
2018-05-16,8.0,7.9949064
2018-05-17,8.01,7.9651146
2018-05-18,8.07,7.9936485
2018-05-21,8.03,8.008803
2018-05-22,7.99,7.9523478
2018-05-23,7.71,7.8546524
2018-05-24,7.58,7.6210823
2018-05-25,7.84,7.6172047
2018-05-28,7.68,7.72941
2018-05-30,7.68,7.4225054
2018-05-31,7.5,7.2675533
2018-06-01,7.92,7.6588497
2018-06-04,7.88,7.874753
2018-06-05,7.89,7.831071
2018-06-06,7.89,7.859314
2018-06-07,7.87,7.841485
2018-06-08,7.9,7.874353
2018-06-11,7.9,7.8186398
2018-06-12,7.88,7.853494
2018-06-13,7.78,7.8341856
2018-06-14,7.94,7.790411
2018-06-18,7.8,7.7945924
2018-06-19,7.84,7.7956295
2018-06-20,7.79,7.750368
2018-06-21,7.63,7.6689453
2018-06-22,7.63,7.558664
2018-06-25,7.62,7.6179323
2018-06-26,7.55,7.5329514
2018-06-27,7.43,7.522593
2018-06-28,7.32,7.3339615
2018-06-29,7.35,7.32263
2018-07-02,7.37,7.3183722
2018-07-03,7.56,7.382989
2018-07-04,7.5,7.450614
2018-07-05,7.54,7.46481
2018-07-06,7.5,7.459378
2018-07-09,7.6,7.4795094
2018-07-10,7.66,7.592252
2018-07-11,7.62,7.6224594
2018-07-12,7.73,7.639964
2018-07-13,7.79,7.702482
2018-07-16,7.79,7.7282777
2018-07-17,7.76,7.724906
2018-07-18,7.78,7.72553
2018-07-19,7.85,7.783734
2018-07-20,7.8,7.8168015
2018-07-23,7.85,7.7823167
2018-07-24,7.87,7.8275247
2018-07-25,7.86,7.8205404
2018-07-26,7.85,7.8150954
2018-07-27,7.81,7.7631125
2018-07-30,7.79,7.758096
2018-07-31,7.82,7.7597275
2018-08-01,7.79,7.767068
2018-08-02,7.78,7.754071
2018-08-03,7.82,7.7518644
2018-08-06,7.82,7.7782774
2018-08-07,7.83,7.7979684
2018-08-08,7.83,7.794544
2018-08-09,7.85,7.799533
2018-08-10,7.82,7.8188834
2018-08-13,7.87,7.8105645
2018-08-14,7.7,7.6455617
2018-08-15,7.69,7.6492004
2018-08-16,7.61,7.612687
2018-08-17,7.64,7.59416
2018-08-20,7.65,7.590158
2018-08-21,7.6,7.628405
2018-08-23,7.66,7.601329
2018-08-24,7.66,7.640666
2018-08-27,7.65,7.6002717
2018-08-28,7.7,7.633865
2018-08-29,7.7,7.6482306
2018-08-30,7.68,7.6726675
2018-09-03,7.74,7.664279
2018-09-04,7.73,7.6801233
2018-09-05,7.7,7.6542997
2018-09-06,7.7,7.632139
2018-09-07,7.7,7.646309
2018-09-12,7.6,7.603993
2018-09-13,7.55,7.559394
2018-09-14,7.6,7.555355
2018-09-18,7.59,7.5562572
2018-09-19,7.61,7.5719037
2018-09-20,7.75,7.6432686
2018-09-21,7.83,7.7128577
2018-09-24,7.71,7.7327595
2018-09-25,7.71,7.6788864
2018-09-26,7.72,7.6676393
2018-09-27,7.78,7.7138114
2018-09-28,7.82,7.7501183
2018-10-01,7.84,7.771405
2018-10-02,7.69,7.752142
2018-10-03,7.7,7.644064
2018-10-04,7.7,7.64806
2018-10-05,7.72,7.6524887
2018-10-08,7.7,7.658908
2018-10-09,7.7,7.6785088
2018-10-10,7.71,7.6613646
2018-10-11,7.64,7.5454855
2018-10-12,7.66,7.5308943
2018-10-15,7.69,7.633176
2018-10-16,7.68,7.6153717
2018-10-17,7.7,7.63113
2018-10-18,7.71,7.6363463
2018-10-19,7.8,7.6832743
2018-10-22,7.65,7.6939583
2018-10-23,7.61,7.5731235
2018-10-24,7.74,7.594765
2018-10-25,7.65,7.571289
2018-10-26,7.65,7.5913854
2018-10-29,7.55,7.5182567
2018-10-30,7.35,7.3713765
2018-10-31,7.32,7.296748
2018-11-01,7.32,7.274976
2018-11-02,7.4,7.2952423
2018-11-05,7.32,7.283632
2018-11-07,7.46,7.322008
2018-11-08,7.38,7.367631
2018-11-09,7.4,7.3395376
2018-11-12,7.2,7.236247
2018-11-13,7.2,7.145115
2018-11-14,7.21,7.157688
2018-11-15,7.2,7.146564
2018-11-16,7.26,7.191368
2018-11-19,7.25,7.2148304
2018-11-21,7.18,7.177003
2018-11-22,7.18,7.144667
2018-11-23,7.18,7.1381865
2018-11-26,7.14,7.132294
2018-11-27,7.03,7.064139
2018-11-28,7.07,7.0610757
2018-11-29,7.0,7.0237026
2018-11-30,6.99,6.9749107
2018-12-03,7.08,6.999097
2018-12-04,7.0,7.0260925
2018-12-05,7.16,7.0437055
2018-12-06,7.01,7.069155
2018-12-07,7.08,7.042128
2018-12-10,7.0,7.0135183
2018-12-11,6.99,6.951453
2018-12-12,7.1,6.980804
2018-12-13,7.01,6.9868727
2018-12-14,7.01,6.9663363
2018-12-17,6.94,6.9585223
2018-12-18,6.85,6.8632708
2018-12-19,6.82,6.8229837
2018-12-20,6.73,6.763978
2018-12-21,6.77,6.729529
2018-12-24,6.78,6.761034
2018-12-26,6.78,6.750289
2018-12-27,6.8,6.7821927
2018-12-28,6.75,6.7724953
2018-12-31,6.84,6.795934
2019-01-02,6.88,6.828848
2019-01-03,6.88,6.9085636
2019-01-04,7.0,6.923721
2019-01-07,7.1,7.049322
2019-01-08,7.28,7.1842604
2019-01-09,7.32,7.255828
2019-01-10,7.26,7.2690287
2019-01-11,7.35,7.256969
2019-01-14,7.39,7.2970653
2019-01-15,7.32,7.317876
2019-01-16,7.28,7.267705
2019-01-17,7.29,7.300268
2019-01-18,7.39,7.3068476
2019-01-22,7.41,7.3543825
2019-01-23,7.35,7.3335457
2019-01-24,7.33,7.3016334
2019-01-25,7.32,7.2994556
2019-01-28,7.4,7.2908654
2019-01-29,7.39,7.3502464
2019-01-30,7.33,7.288457
2019-01-31,7.3,7.2676735
2019-02-04,7.3,7.253303
2019-02-07,7.32,7.3252945
2019-02-08,7.3,7.2927914
2019-02-11,7.25,7.2531962
2019-02-12,7.25,7.2345867
2019-02-13,7.23,7.19114
2019-02-14,7.27,7.2469187
2019-02-15,7.09,7.163113
2019-02-18,7.02,7.05341
2019-02-19,7.18,7.0560412
2019-02-20,7.23,7.1710777
2019-02-21,7.18,7.160646
2019-02-22,7.18,7.1783543
2019-02-25,7.19,7.157454
2019-02-26,7.17,7.1325474
2019-02-27,7.17,7.10693
2019-02-28,7.1,7.100169
2019-03-01,7.09,7.04497
2019-03-04,7.02,7.039976
2019-03-05,7.05,7.00686
2019-03-06,7.06,7.032997
2019-03-07,6.98,7.012665
2019-03-08,7.03,6.991849
2019-03-11,6.98,6.975344
2019-03-12,6.9,6.945709
2019-03-13,6.87,6.8799415
2019-03-14,6.85,6.8561554
2019-03-15,7.0,6.889543
2019-03-18,6.99,6.967884
2019-03-19,6.87,6.9316506
2019-03-20,6.9,6.858142
2019-03-21,6.89,6.876378
2019-03-22,6.9,6.8680787
2019-03-25,6.83,6.8502984
2019-03-26,6.81,6.8538866
2019-03-27,6.93,6.8353434
2019-03-28,6.86,6.8691783
2019-03-29,6.87,6.865208
2019-04-01,6.9,6.8581314
2019-04-02,6.9,6.8590364
2019-04-03,6.88,6.8597403
2019-04-04,6.83,6.852717
2019-04-05,6.85,6.824229
2019-04-08,6.88,6.834236
2019-04-09,6.88,6.8424983
2019-04-10,6.87,6.8318872
2019-04-11,6.85,6.8354607
2019-04-12,6.85,6.83202
2019-04-15,6.89,6.8361225
2019-04-16,6.85,6.8471775
2019-04-17,6.8,6.8080206
2019-04-18,6.81,6.772323
2019-04-19,6.85,6.7977943
2019-04-22,6.9,6.8488226
2019-04-23,6.95,6.8922215
2019-04-24,6.93,6.9151216
2019-04-25,6.92,6.889937
2019-04-26,6.93,6.925371
2019-04-29,6.9,6.890477
2019-04-30,6.75,6.8353467
2019-05-02,6.63,6.704814
2019-05-03,6.64,6.6364756
2019-05-06,6.5,6.596563
2019-05-07,6.45,6.509302
2019-05-08,6.33,6.425556
2019-05-09,6.36,6.3742228
2019-05-10,6.2,6.379614
2019-05-13,6.18,6.2414126
2019-05-14,6.14,6.1953554
2019-05-15,6.13,6.2063484
2019-05-16,6.12,6.1813765
2019-05-17,6.17,6.20405
2019-05-21,6.14,6.222538
2019-05-23,6.09,6.1681848
2019-05-24,6.08,6.1357226
2019-05-27,6.1,6.1542406
2019-05-28,5.92,6.117507
2019-05-29,5.96,6.049984
2019-05-30,6.04,6.068939
2019-05-31,6.5,6.3248243
2019-06-03,6.49,6.4058604
2019-06-04,6.38,6.4769807
2019-06-05,6.38,6.3556767
2019-06-06,6.38,6.3556767
2019-06-07,6.45,6.448734
2019-06-10,6.46,6.467539
2019-06-11,6.5,6.479986
2019-06-12,6.49,6.495365
2019-06-13,6.41,6.4702497
2019-06-14,6.45,6.4456105
2019-06-17,6.44,6.4635735
2019-06-18,6.38,6.4377823
2019-06-19,6.38,6.444992
2019-06-20,6.42,6.4294386
2019-06-21,6.43,6.4527593
2019-06-24,6.7,6.555353
2019-06-25,6.67,6.6819
2019-06-26,6.77,6.685091
2019-06-27,6.96,6.8135424
2019-06-28,7.0,6.928787
2019-07-01,7.03,6.9742155
2019-07-02,7.09,7.025159
2019-07-03,7.1,7.060844
2019-07-04,7.1,7.0600395
2019-07-05,7.07,7.0318046
2019-07-08,6.91,6.9574785
2019-07-09,6.95,6.9231873
2019-07-10,6.94,6.9495606
2019-07-11,6.95,6.925973
2019-07-12,6.97,6.933791
2019-07-15,6.97,6.9390154
2019-07-16,6.98,6.944458
2019-07-17,6.96,6.9228926
2019-07-18,6.94,6.927305
2019-07-19,6.99,6.9319825
2019-07-22,6.99,6.9343796
2019-07-23,6.98,6.9217553
2019-07-24,6.96,6.906984
2019-07-25,6.95,6.911378
2019-07-26,6.8,6.891755
2019-07-29,6.77,6.7644844
2019-07-31,6.75,6.733708
2019-08-01,6.71,6.7114563
2019-08-02,6.5,6.6439314
2019-08-05,6.55,6.5265827
2019-08-06,6.46,6.440177
2019-08-07,6.43,6.4768987
2019-08-08,6.46,6.4747524
2019-08-09,6.51,6.512088
2019-08-13,6.38,6.475642
2019-08-14,6.45,6.471151
2019-08-15,6.31,6.3929024
2019-08-16,6.04,6.2167115
2019-08-19,6.4,6.259982
2019-08-20,6.41,6.4262514
2019-08-21,6.34,6.402985
2019-08-22,6.32,6.378768
2019-08-23,6.27,6.3475924
2019-08-26,6.25,6.2627106
2019-08-27,6.1,6.293455
2019-08-28,6.24,6.226708
2019-08-29,6.25,6.2752542
2019-08-30,6.28,6.2978973
2019-09-03,6.24,6.3046503
2019-09-04,6.2,6.252651
2019-09-05,6.2,6.2492867
2019-09-06,6.17,6.2464485
2019-09-10,6.25,6.2534122
2019-09-11,6.24,6.274872
2019-09-12,6.19,6.2985325
2019-09-13,6.2,6.22416
2019-09-17,6.15,6.2267084
2019-09-18,6.11,6.209747
2019-09-19,6.05,6.1583104
2019-09-20,6.05,6.1455297
2019-09-23,6.07,6.13474
2019-09-24,6.07,6.122734
2019-09-25,6.06,6.114498
2019-09-26,6.19,6.160806
2019-09-27,6.09,6.209943
2019-09-30,6.1,6.1434946
2019-10-01,6.13,6.1629977
2019-10-02,6.1,6.166169
2019-10-03,6.12,6.152169
2019-10-04,6.08,6.157071
2019-10-07,6.08,6.1336875
2019-10-08,6.07,6.139365
2019-10-09,6.05,6.1262293
2019-10-10,6.04,6.1119356
2019-10-11,6.08,6.1062145
2019-10-14,6.15,6.1716065
2019-10-15,6.1,6.182241
2019-10-16,6.06,6.1486177
2019-10-17,6.08,6.123592
2019-10-18,6.19,6.166123
2019-10-21,6.09,6.179381
2019-10-22,6.1,6.13962
2019-10-23,6.06,6.144582
2019-10-24,6.08,6.135019
2019-10-25,6.06,6.1277943
2019-10-29,6.06,6.123174
2019-10-30,5.95,6.086214
2019-10-31,6.05,6.0523767
2019-11-01,6.03,6.110375
2019-11-04,6.09,6.1113153
2019-11-05,6.02,6.1329713
2019-11-06,6.07,6.0952287
2019-11-07,6.22,6.175706
2019-11-08,6.19,6.2377567
2019-11-11,6.15,6.215521
2019-11-12,6.06,6.175967
2019-11-13,6.07,6.119398
2019-11-14,6.05,6.118843
2019-11-15,6.06,6.1117263
2019-11-18,6.14,6.134759
2019-11-19,6.07,6.174962
2019-11-20,6.06,6.117833
2019-11-21,6.07,6.115343
2019-11-22,6.06,6.115785
2019-11-25,6.05,6.1094418
2019-11-26,5.97,6.0989943
2019-11-27,6.03,6.0699835
2019-11-28,6.01,6.081686
2019-11-29,6.04,6.0717707
2019-12-02,6.01,6.089107
2019-12-03,6.0,6.0626965
2019-12-04,6.06,6.0749416
2019-12-05,6.0,6.0719624
2019-12-06,5.98,6.070134
2019-12-09,5.96,6.056986
2019-12-10,5.93,6.029958
2019-12-11,5.95,6.0126667
2019-12-12,5.98,6.0534244
2019-12-13,6.04,6.071038
2019-12-16,6.02,6.0919495
2019-12-17,6.08,6.0942154
2019-12-18,6.05,6.1216106
2019-12-19,6.08,6.1357737
2019-12-20,6.03,6.123104
2019-12-23,6.11,6.125187
2019-12-24,6.1,6.1536007
2019-12-26,6.11,6.160495
2019-12-27,6.16,6.174534
2019-12-30,6.15,6.2040997
2019-12-31,6.09,6.179381
2020-01-02,6.09,6.141921
2020-01-03,6.15,6.1656027
2020-01-06,6.08,6.1790996
2020-01-07,6.11,6.141362
2020-01-08,6.06,6.115261
2020-01-09,6.06,6.140429
2020-01-10,6.11,6.1264796
2020-01-13,6.06,6.14658
2020-01-14,6.06,6.129128
2020-01-15,6.06,6.103036
2020-01-16,6.05,6.101473
2020-01-17,6.06,6.1110086
2020-01-20,6.05,6.1107316
2020-01-21,6.02,6.099361
2020-01-22,6.05,6.0887003
2020-01-23,6.01,6.0931826
2020-01-24,5.97,6.0585356
2020-01-28,5.78,5.9995117
2020-01-29,5.86,5.9211516
2020-01-30,5.68,5.900364
2020-01-31,5.55,5.7678747
2020-02-03,5.45,5.5798273
2020-02-04,5.59,5.6392117
2020-02-05,5.75,5.7500134
2020-02-06,5.75,5.8889093
2020-02-07,5.86,5.887985
2020-02-10,5.79,5.8988495
2020-02-11,5.72,5.8536177
2020-02-12,5.6,5.7953935
2020-02-13,5.66,5.722659
2020-02-14,5.69,5.7613854
2020-02-17,5.75,5.8183107
2020-02-18,5.63,5.7438745
2020-02-19,5.56,5.7111387
2020-02-20,5.57,5.6799912
2020-02-21,5.57,5.653569
2020-02-24,5.49,5.609727
2020-02-25,5.5,5.5665665
2020-02-26,5.54,5.622367
2020-02-27,5.52,5.6340375
2020-02-28,5.51,5.5838604
2020-03-02,5.47,5.564269
2020-03-03,5.44,5.6049824
2020-03-04,5.46,5.5433664
2020-03-05,5.48,5.5756235
2020-03-06,5.41,5.5589314
2020-03-09,5.23,5.4638205
2020-03-10,5.25,5.3172975
2020-03-11,5.29,5.3903465
2020-03-12,5.28,5.3895874
2020-03-13,5.28,5.311906
2020-03-16,4.9,5.152501
2020-03-17,4.82,4.798944
2020-03-18,4.71,4.950542
2020-03-19,4.42,4.689888
2020-03-20,4.7,4.883843
2020-03-23,4.56,4.49939
2020-03-24,4.52,4.586537
2020-03-25,4.6,4.7484894
2020-03-26,4.78,4.7428703
2020-03-27,4.95,5.079125
2020-03-30,5.0,5.0682144
2020-03-31,5.05,5.144869
2020-04-01,4.99,5.150176
2020-04-02,4.99,5.014659
2020-04-03,4.99,5.1889133
2020-04-06,4.99,5.083096
2020-04-07,5.04,5.1522346
2020-04-08,5.1,5.155394
2020-04-09,5.2,5.294238
2020-04-10,5.22,5.334885
2020-04-13,5.28,5.3418427
2020-04-14,5.37,5.435539
2020-04-15,5.7,5.6236687
2020-04-16,5.85,5.858157
2020-04-17,5.88,5.975631
2020-04-20,5.73,5.9753523
2020-04-21,5.73,5.825653
2020-04-22,5.74,5.8245735
2020-04-23,5.8,5.868595
2020-04-24,5.78,5.895632
2020-04-27,5.75,5.865104
2020-04-28,5.77,5.8621836
2020-04-29,5.8,5.8940473
2020-04-30,5.95,5.986288
2020-05-04,5.95,6.0154915
2020-05-05,5.96,6.039336
2020-05-06,5.95,6.03154
2020-05-08,5.98,6.0437336
2020-05-12,5.97,6.041587
2020-05-13,5.99,6.0453515
2020-05-14,6.49,6.2539907
2020-05-15,6.63,6.614996
2020-05-18,7.5,7.0033245
2020-05-19,7.35,7.6283603
2020-05-20,7.49,7.342676
2020-05-21,7.75,7.6199656
2020-05-22,7.8,7.7460556
2020-05-27,7.8,7.80704
2020-05-28,7.73,7.7992096
2020-05-29,7.65,7.6694703
2020-06-02,7.65,7.396386
2020-06-03,8.29,8.349612
2020-06-04,8.4,8.307941
2020-06-05,8.34,8.302747
2020-06-09,8.37,8.310836
2020-06-10,8.38,8.280724
2020-06-11,8.33,8.269096
2020-06-12,8.19,8.003468
2020-06-15,7.9,8.002684
2020-06-16,8.0,7.9659853
2020-06-17,7.9,7.958109
2020-06-18,7.43,7.7048364
2020-06-19,7.34,7.353374
2020-06-22,7.22,7.2671304
2020-06-23,7.2,7.2005243
2020-06-24,7.29,7.217613
2020-06-25,7.28,7.2065754
2020-06-26,7.28,7.275694
2020-06-29,7.28,7.232262
2020-06-30,7.28,7.299354
2020-07-01,7.32,7.30173
2020-07-02,7.75,7.4843655
2020-07-03,7.82,7.828718
2020-07-06,7.87,7.845941
2020-07-07,7.97,7.883128
2020-07-08,8.0,7.9891787
2020-07-09,8.52,8.202691
2020-07-10,8.35,8.382291
2020-07-13,8.4,8.359418
2020-07-14,8.35,8.3096895
2020-07-15,8.35,8.2847595
2020-07-16,8.6,8.4678545
2020-07-17,9.15,8.692691
2020-07-20,9.75,9.567925
2020-07-21,9.9,9.814212
2020-07-22,9.71,9.779813
2020-07-23,9.8,9.739106
2020-07-24,9.8,9.793695
2020-07-27,10.42,9.840716
2020-07-28,10.04,9.889619
2020-07-29,9.6,9.79391
2020-07-30,9.29,9.458819
2020-08-03,9.6,9.38444
2020-08-04,9.95,9.668305
2020-08-05,10.6,9.880996
2020-08-06,10.44,9.900554
2020-08-07,10.36,9.889377
2020-08-10,10.34,9.880528
2020-08-11,10.2,9.87795
2020-08-12,9.9,9.826408
2020-08-13,9.57,9.687552
2020-08-14,9.45,9.396202
2020-08-17,9.5,9.36794
2020-08-18,10.0,9.737674
2020-08-19,10.0,9.811401
2020-08-21,9.94,9.801316
2020-08-24,9.83,9.788275
2020-08-25,9.65,9.70671
2020-08-26,9.75,9.693927
2020-08-27,9.65,9.677213
2020-08-28,9.69,9.637844
2020-09-01,9.6,9.630395
2020-09-02,9.58,9.581744
2020-09-03,9.55,9.572233
2020-09-04,9.5,9.347787
2020-09-07,9.34,9.357647
2020-09-08,8.81,9.076329
2020-09-09,8.43,8.540227
2020-09-10,8.1,8.3358345
2020-09-11,8.79,8.304071
2020-09-14,8.6,8.777458
2020-09-15,8.66,8.574824
2020-09-17,8.6,8.526542
2020-09-18,8.7,8.548764
2020-09-21,8.59,8.5434675
2020-09-22,8.49,8.397361
2020-09-23,8.43,8.375489
2020-09-24,8.36,8.260614
2020-09-25,8.56,8.397843
2020-09-28,8.56,8.500336
2020-09-29,8.59,8.50611
2020-09-30,8.48,8.46199
2020-10-01,8.3,8.38875
2020-10-02,8.36,8.263784
2020-10-05,8.5,8.338214
2020-10-06,8.42,8.395096
2020-10-07,8.45,8.315877
2020-10-08,8.37,8.337731
2020-10-09,8.45,8.329722
2020-10-12,8.37,8.33106
2020-10-13,8.36,8.283383
2020-10-14,8.48,8.389929
2020-10-15,8.8,8.574267
2020-10-16,8.9,8.780511
2020-10-19,8.93,8.824217
2020-10-20,8.96,8.877573
2020-10-21,8.85,8.846814
2020-10-22,9.0,8.778825
2020-10-23,8.8,8.812734
2020-10-26,8.48,8.635785
2020-10-27,8.52,8.487626
2020-10-28,8.35,8.419635
2020-10-30,8.06,8.209462
2020-11-02,7.83,7.937691
2020-11-03,8.03,7.9122257
2020-11-04,8.23,8.078038
2020-11-05,8.44,8.239013
2020-11-06,8.5,8.349904
2020-11-09,8.51,8.403724
2020-11-10,8.6,8.472014
2020-11-11,8.7,8.548081
2020-11-12,8.58,8.543006
2020-11-13,8.57,8.485839
2020-11-16,8.59,8.49126
2020-11-17,8.82,8.594314
2020-11-18,8.72,8.675233
2020-11-19,8.52,8.549346
2020-11-20,8.57,8.468823
2020-11-23,8.55,8.466674
2020-11-24,8.2,8.345182
2020-11-25,8.31,8.222085
2020-11-26,8.37,8.275658
2020-11-27,8.42,8.30305
2020-11-30,8.2,8.286511
2020-12-01,8.3,8.234149
2020-12-02,8.3,8.268773
2020-12-03,8.31,8.248466
2020-12-04,8.31,8.243785
2020-12-07,8.7,8.3911
2020-12-08,8.7,8.610688
2020-12-09,8.76,8.594943
2020-12-10,8.71,8.623834
2020-12-11,8.79,8.678912
2020-12-14,8.82,8.765444
2020-12-15,8.88,8.696737
2020-12-16,8.94,8.7625265
2020-12-17,8.91,8.804614
2020-12-18,8.8,8.747174
2020-12-21,8.7,8.647937
2020-12-22,8.58,8.564988
2020-12-23,8.47,8.443464
2020-12-24,8.5,8.386706
2020-12-28,8.37,8.356144
2020-12-29,8.4,8.287791
2020-12-30,8.4,8.324065
2020-12-31,8.3,8.291888
2021-01-04,8.26,8.238317
2021-01-05,8.13,8.18252
2021-01-06,8.02,8.041965
2021-01-07,8.15,8.005356
2021-01-08,8.23,8.1386175
2021-01-11,8.28,8.14236
2021-01-12,8.27,8.214028
2021-01-13,8.33,8.281768
2021-01-14,8.6,8.354867
2021-01-15,8.54,8.469228
2021-01-18,8.51,8.430739
2021-01-19,8.6,8.446292
2021-01-20,8.78,8.559313
2021-01-21,8.74,8.624327
2021-01-22,8.73,8.588555
2021-01-25,8.73,8.577767
2021-01-26,8.78,8.630052
2021-01-27,9.18,8.854389
2021-01-29,9.37,9.339763
2021-02-02,9.35,9.265988
2021-02-03,9.35,9.305
2021-02-04,9.38,9.290542
2021-02-05,9.38,9.277134
2021-02-08,9.3,9.229603
2021-02-09,9.28,9.150714
2021-02-10,9.3,9.16624
2021-02-11,9.24,9.189968
2021-02-15,9.25,9.1601715
2021-02-16,9.3,9.191401
2021-02-17,9.28,9.204701
2021-02-18,9.27,9.195249
2021-02-19,8.95,8.766361
2021-02-22,8.92,8.792382
2021-02-23,9.0,8.819648
2021-02-24,9.13,8.920679
2021-02-25,9.14,8.987399
2021-02-26,9.1,8.954574
2021-03-01,9.07,8.92637
2021-03-02,9.09,8.923576
2021-03-03,9.1,8.980417
2021-03-04,9.12,8.998976
2021-03-05,9.07,8.956435
2021-03-08,9.05,8.928895
2021-03-09,9.06,8.882522
2021-03-10,9.03,8.910878
2021-03-11,9.01,8.885587
2021-03-12,9.05,8.880445
2021-03-15,9.09,8.920185
2021-03-16,9.08,8.951177
2021-03-17,9.19,8.981294
2021-03-18,9.24,9.1641
2021-03-19,9.1,9.123155
2021-03-22,9.28,9.086241
2021-03-23,9.1,9.093673
2021-03-24,8.93,8.928275
2021-03-25,8.85,8.832958
2021-03-26,8.95,8.766616
2021-03-29,9.0,8.852644
2021-03-30,9.04,8.891063
2021-03-31,8.95,8.871333
2021-04-01,8.9,8.827629
2021-04-02,8.89,8.768824
2021-04-05,8.85,8.754281
2021-04-06,8.81,8.719264
2021-04-07,8.85,8.725986
2021-04-08,8.8,8.720317
2021-04-09,8.88,8.736976
2021-04-12,8.83,8.746377
2021-04-13,8.77,8.714672
2021-04-14,8.7,8.624946
2021-04-15,8.6,8.527045
2021-04-16,8.5,8.476846
2021-04-19,8.42,8.414608
2021-04-20,8.43,8.348772
2021-04-21,8.46,8.350485
2021-04-22,8.5,8.39607
2021-04-23,8.43,8.396081
2021-04-26,8.4,8.346986
2021-04-27,8.49,8.360068
2021-04-28,8.5,8.437861
2021-04-30,8.43,8.402141
2021-05-03,8.45,8.357208
2021-05-04,8.52,8.378776
2021-05-05,8.51,8.43076
2021-05-06,8.45,8.3737
2021-05-07,8.46,8.3523445
2021-05-10,8.45,8.373178
2021-05-11,8.32,8.313447
2021-05-12,8.2,8.192733
2021-05-17,8.26,8.166831
2021-05-18,8.18,8.151105
2021-05-19,8.1,8.118627
2021-05-20,8.16,8.053811
2021-05-21,8.08,8.064616
2021-05-24,8.11,8.035231
2021-05-25,8.1,8.049045
2021-05-27,8.18,8.157354
2021-05-28,8.17,8.132705
2021-05-31,8.17,8.081012
2021-06-01,8.11,8.091666
2021-06-02,8.2,8.103313
2021-06-03,8.22,8.150177
2021-06-04,8.19,8.139299
2021-06-08,8.17,8.113863
2021-06-09,8.11,8.096949
2021-06-10,8.11,8.044517
2021-06-11,8.09,8.040013
2021-06-14,8.09,8.044863
2021-06-15,8.06,8.017477
2021-06-16,8.06,7.9943366
2021-06-17,8.05,7.997502
2021-06-18,8.05,7.9866195
2021-06-21,8.05,8.004646
2021-06-22,8.04,7.9895144
2021-06-23,8.0,7.9767976
2021-06-24,8.01,7.9574323
2021-06-25,8.02,7.9582634
2021-06-28,7.96,7.944742
2021-06-29,7.91,7.9206576
2021-06-30,7.93,7.874262
2021-07-01,7.9,7.8741374
2021-07-02,7.88,7.8368278
2021-07-05,7.86,7.8304386
2021-07-06,7.87,7.808296
2021-07-07,7.82,7.798932
2021-07-08,7.68,7.7298603
2021-07-09,7.65,7.6286335
2021-07-12,7.66,7.615408
2021-07-13,7.7,7.6228075
2021-07-14,7.64,7.632433
2021-07-15,7.64,7.5939713
2021-07-16,7.65,7.5904837
2021-07-19,7.63,7.5781174
2021-07-21,7.61,7.5734544
2021-07-22,7.61,7.5508137
2021-07-23,7.62,7.5622344
2021-07-26,7.58,7.5571637
2021-07-27,7.53,7.513174
2021-07-28,7.6,7.5149508
2021-07-29,7.72,7.6831703
2021-07-30,7.61,7.688508
2021-08-02,7.68,7.604776
2021-08-03,7.64,7.6266804
2021-08-04,7.61,7.573986
2021-08-05,7.59,7.5554047
2021-08-06,7.58,7.5339737
2021-08-09,7.57,7.5428
2021-08-11,7.61,7.559827
2021-08-12,7.61,7.571046
2021-08-13,7.64,7.58016
2021-08-16,7.66,7.603841
2021-08-17,7.35,7.3730755
2021-08-18,7.35,7.314727
2021-08-19,7.34,7.3142366
2021-08-20,7.34,7.290747
2021-08-23,7.33,7.2889423
2021-08-24,7.43,7.3653135
2021-08-25,7.45,7.393855
2021-08-26,7.52,7.442975
2021-08-27,7.51,7.481399
2021-08-30,7.52,7.481345
2021-09-01,7.55,7.4900875
2021-09-02,7.64,7.554883
2021-09-03,7.71,7.629099
2021-09-06,7.63,7.6755776
2021-09-07,7.65,7.6132627
2021-09-08,7.57,7.5908346
2021-09-09,7.54,7.5099993
2021-09-10,7.55,7.5176954
2021-09-13,7.57,7.505437
2021-09-14,7.5,7.5058365
2021-09-15,7.52,7.4563637
2021-09-17,7.42,7.437761
2021-09-20,7.36,7.3585434
2021-09-21,7.34,7.3098307
2021-09-22,7.33,7.304946
2021-09-23,7.37,7.308605
2021-09-24,7.38,7.3269434
2021-09-27,7.39,7.3472843
2021-09-28,7.4,7.3660183
2021-09-29,7.36,7.3340397
2021-09-30,7.38,7.3205643
2021-10-01,7.34,7.3219485
2021-10-04,7.34,7.3038135
2021-10-05,7.33,7.2865925
2021-10-06,7.34,7.3131456
2021-10-07,7.34,7.2961063
2021-10-08,7.37,7.308962
2021-10-11,7.43,7.382961
2021-10-12,7.79,7.5498867
2021-10-13,7.77,7.7279196
2021-10-14,7.83,7.7319984
2021-10-15,7.8,7.759088
2021-10-18,7.78,7.7389474
2021-10-20,7.75,7.7240486
2021-10-21,7.6,7.667348
2021-10-22,7.6,7.5503597
2021-10-25,7.63,7.5643845
2021-10-26,7.53,7.5593204
2021-10-27,7.6,7.5248747
2021-10-28,7.54,7.536334
2021-10-29,7.51,7.506013
2021-11-01,7.09,7.2698364
2021-11-02,6.97,7.0119314
2021-11-03,6.98,6.9459953
2021-11-05,6.83,6.920959
2021-11-08,6.9,6.8291845
2021-11-09,6.82,6.8484187
2021-11-10,6.79,6.806165
2021-11-11,6.79,6.764262
2021-11-12,6.82,6.7805347
2021-11-15,6.82,6.8122168
2021-11-16,6.8,6.780218
2021-11-17,6.73,6.751344
2021-11-18,6.62,6.6880183
2021-11-19,6.58,6.600066
2021-11-22,6.6,6.602483
2021-11-23,6.42,6.5662656
2021-11-24,6.42,6.4305334
2021-11-25,6.52,6.469773
2021-11-26,6.48,6.5252314
2021-11-29,6.41,6.440701
2021-11-30,6.45,6.465577
2021-12-01,6.38,6.453574
2021-12-02,6.41,6.4065876
2021-12-06,6.42,6.42805
2021-12-07,6.39,6.4414067
2021-12-08,6.4,6.4247303
2021-12-09,6.42,6.430612
2021-12-10,6.41,6.452118
2021-12-13,6.56,6.53425
2021-12-14,6.43,6.54445
2021-12-15,6.36,6.43585
2021-12-16,6.35,6.4039807
2021-12-17,6.25,6.35159
2021-12-20,6.17,6.2867947
2021-12-21,6.18,6.219591
2021-12-22,6.2,6.244654
2021-12-23,6.27,6.27451
2021-12-24,6.3,6.314322
2021-12-27,6.39,6.3765464
2021-12-28,6.46,6.4459324
2021-12-29,6.61,6.579318
2021-12-30,6.58,6.5934095
2021-12-31,6.55,6.602406
2022-01-03,6.46,6.5356903
2022-01-04,6.44,6.4957304
2022-01-05,6.42,6.458925
2022-01-06,6.39,6.4250097
2022-01-07,6.35,6.402043
2022-01-10,6.33,6.375116
2022-01-11,6.36,6.397992
2022-01-12,6.4,6.4352612
2022-01-13,6.38,6.427456
2022-01-14,6.36,6.3865776
2022-01-17,6.32,6.3905225
2022-01-19,6.21,6.330075
2022-01-20,6.22,6.2637424
2022-01-21,6.2,6.25326
2022-01-24,6.2,6.253926
2022-01-25,6.18,6.234784
2022-01-26,6.18,6.225511
2022-01-27,6.16,6.2263193
2022-01-28,6.18,6.221567
2022-01-31,6.26,6.2848587
2022-02-03,6.44,6.375184
2022-02-04,6.39,6.4394383
2022-02-07,6.46,6.4360113
2022-02-08,6.46,6.47082
2022-02-09,6.48,6.4972286
2022-02-10,6.46,6.4936357
2022-02-11,6.45,6.4779806
2022-02-14,6.48,6.4742236
2022-02-15,6.55,6.518949
2022-02-16,6.59,6.58102
2022-02-17,6.4,6.435739
2022-02-18,6.37,6.404604
2022-02-21,6.38,6.3767023
2022-02-22,6.35,6.382961
2022-02-23,6.35,6.363249
2022-02-24,6.22,6.344145
2022-02-25,6.28,6.294611
2022-02-28,6.31,6.3370323
2022-03-01,6.29,6.3429685
2022-03-02,6.29,6.327161
2022-03-03,6.3,6.316901
2022-03-04,6.25,6.3154016
2022-03-07,6.22,6.2868586
2022-03-08,6.17,6.235879
2022-03-09,6.19,6.2224817
2022-03-10,6.21,6.248215
2022-03-11,6.21,6.2435913
2022-03-14,6.21,6.2126603
2022-03-15,6.39,6.3135138
2022-03-16,6.87,6.6065245
2022-03-17,6.96,6.863568
2022-03-18,6.77,6.87576
2022-03-21,7.02,6.870656
2022-03-22,6.93,6.9395375
2022-03-23,6.92,6.9317317
2022-03-24,6.97,6.908924
2022-03-25,6.95,6.9506435
2022-03-28,6.82,6.888642
2022-03-29,6.97,6.8473253
2022-03-30,7.0,6.9252567
2022-03-31,7.07,6.982964
2022-04-01,7.09,7.0263786
2022-04-04,7.1,7.0608225
2022-04-05,7.15,7.075372
2022-04-06,7.14,7.0912275
2022-04-07,7.12,7.074808
2022-04-08,7.08,7.044533
2022-04-11,7.08,7.012969
2022-04-12,7.01,7.00491
2022-04-13,6.98,6.9678946
2022-04-14,6.99,6.9394064
2022-04-15,7.01,6.962824
2022-04-18,6.96,6.956532
2022-04-20,7.02,6.9428763
2022-04-21,7.0,6.9836426
2022-04-22,7.0,6.9608564
2022-04-25,6.99,6.952569
2022-04-26,7.04,6.967595
2022-04-27,6.93,6.9417253
2022-04-28,6.95,6.905937
2022-04-29,6.99,6.87875
2022-05-05,6.84,6.8874836
2022-05-06,6.79,6.7973814
2022-05-09,6.75,6.763745
2022-05-10,6.83,6.741046
2022-05-11,6.79,6.7915354
2022-05-12,6.75,6.7914686
2022-05-13,6.8,6.751544
2022-05-17,6.78,6.7697263
2022-05-18,6.82,6.7761183
2022-05-19,6.75,6.769088
2022-05-20,6.8,6.75638
2022-05-23,6.81,6.771354
2022-05-24,6.75,6.742849
2022-05-25,6.77,6.744076
2022-05-26,6.79,6.7550282
2022-05-27,6.77,6.76205
2022-05-30,6.78,6.7512436
2022-05-31,6.62,6.7203717
2022-06-01,6.76,6.681757
2022-06-02,6.62,6.6938457
2022-06-03,6.68,6.642707
2022-06-07,6.67,6.657829
2022-06-08,6.66,6.661743
2022-06-09,6.62,6.656616
2022-06-10,6.56,6.603283
2022-06-13,6.53,6.55595
2022-06-14,6.49,6.497327
2022-06-15,6.49,6.5147123
2022-06-16,6.4,6.500889
2022-06-17,6.35,6.4039807
2022-06-20,6.38,6.387926
2022-06-21,6.37,6.3994455
2022-06-22,6.41,6.406739
2022-06-23,6.52,6.4506955
2022-06-24,6.54,6.5214047
2022-06-27,6.62,6.5773973
2022-06-28,6.56,6.5880013
2022-06-29,6.6,6.5483475
2022-06-30,6.63,6.5979424
2022-07-01,6.54,6.59484
2022-07-04,6.49,6.52829
2022-07-05,6.47,6.503881
2022-07-06,6.39,6.4597206
2022-07-07,6.38,6.4010034
2022-07-08,6.35,6.396761
2022-07-12,6.31,6.368546
2022-07-13,6.3,6.343972
2022-07-14,6.3,6.3511367
2022-07-15,6.25,6.31476
2022-07-18,6.25,6.3042207
2022-07-19,6.22,6.268356
2022-07-20,6.27,6.2857256
2022-07-21,6.4,6.342617
2022-07-22,6.49,6.446953
2022-07-25,6.42,6.475998
2022-07-26,6.4,6.4253254
2022-07-27,6.4,6.4095855
2022-07-28,6.43,6.448292
2022-07-29,6.53,6.5035696
2022-08-01,6.6,6.5494614
2022-08-02,6.53,6.572904
2022-08-03,6.5,6.5150433
2022-08-04,6.57,6.5267897
2022-08-05,6.54,6.5617933
2022-08-08,6.58,6.5667987
2022-08-09,6.58,6.571211
2022-08-10,6.51,6.5671926
2022-08-11,6.37,6.4223413
2022-08-12,6.38,6.401095
2022-08-15,6.4,6.4056354
2022-08-16,6.48,6.445225
2022-08-17,6.54,6.5072346
2022-08-18,6.46,6.5304136
2022-08-19,6.48,6.4886146
2022-08-22,6.45,6.481602
2022-08-23,6.5,6.4749236
2022-08-24,6.45,6.4854946
2022-08-25,6.47,6.463928
2022-08-26,6.49,6.490303
2022-08-29,6.45,6.4854946
2022-08-30,6.4,6.45493
2022-09-01,6.37,6.4244165
2022-09-02,6.42,6.4322376
2022-09-05,6.41,6.455837
2022-09-06,6.4,6.4221673
2022-09-07,6.37,6.407271
2022-09-08,6.45,6.4185524
2022-09-09,6.46,6.4702487
2022-09-12,6.49,6.490115
2022-09-13,6.43,6.4854565
2022-09-14,6.38,6.433879
2022-09-15,6.25,6.376546
2022-09-19,6.26,6.3012257
2022-09-20,6.39,6.341712
2022-09-21,6.31,6.388891
2022-09-22,6.28,6.3274913
2022-09-23,6.27,6.3265567
2022-09-26,6.26,6.314389
2022-09-27,6.25,6.2943473
2022-09-28,6.22,6.290165
2022-09-29,6.21,6.27072
2022-09-30,6.21,6.265456
2022-10-03,6.2,6.239348
2022-10-04,6.21,6.2455583
2022-10-05,6.25,6.268592
2022-10-06,6.31,6.322638
2022-10-07,6.3,6.310322
2022-10-11,6.21,6.292517
2022-10-12,6.18,6.2546854
2022-10-13,6.17,6.227908
2022-10-14,6.17,6.217286
2022-10-17,6.12,6.1914263
2022-10-18,6.11,6.1798
2022-10-19,6.12,6.1567483
2022-10-20,6.0,6.173233
2022-10-21,6.3,6.182971
2022-10-25,6.38,6.3504524
2022-10-26,6.34,6.4011283
2022-10-27,6.42,6.4023957
2022-10-28,6.4,6.428802
2022-10-31,6.45,6.4342966
2022-11-01,6.4,6.4201193
2022-11-02,6.42,6.4214582
2022-11-03,6.28,6.3997517
2022-11-04,6.3,6.31627
2022-11-07,6.4,6.357046
2022-11-08,6.33,6.371848
2022-11-09,6.42,6.423362
2022-11-10,6.38,6.4233565
2022-11-11,6.48,6.4479837
2022-11-14,6.38,6.473217
2022-11-15,6.4,6.4208703
2022-11-16,6.4,6.439163
2022-11-17,6.4,6.428045
2022-11-21,6.5,6.417147
2022-11-22,6.48,6.488266
2022-11-23,6.48,6.4752007
2022-11-24,7.0,6.7223473
2022-11-25,6.89,6.9374647
2022-11-29,6.94,6.886841
2022-11-30,6.9,6.8954506
2022-12-01,6.95,6.9065757
2022-12-02,6.97,6.9087095
2022-12-05,6.89,6.9172153
2022-12-06,6.85,6.8392806
2022-12-07,6.85,6.8350143
2022-12-08,6.78,6.7911797
2022-12-09,6.71,6.7418904
2022-12-12,6.67,6.693056
2022-12-13,6.7,6.669428
2022-12-14,6.72,6.7175484
2022-12-15,6.71,6.702651
2022-12-16,6.76,6.698693
2022-12-19,6.76,6.7277317
2022-12-20,6.75,6.743396
2022-12-21,6.73,6.736781
2022-12-22,6.75,6.71376
2022-12-23,6.75,6.7356086
2022-12-27,6.67,6.7148056
2022-12-28,6.65,6.6557283
2022-12-29,6.65,6.6686625
2022-12-30,6.65,6.6690893
